<?xml version="1.0" encoding="UTF-8"?>
<PermissionSet xmlns="http://soap.sforce.com/2006/04/metadata">
    <applicationVisibilities>
        <application>DreamHouse</application>
        <visible>true</visible>
    </applicationVisibilities>
    <classAccesses>
        <apexClass>BotController</apexClass>
        <enabled>true</enabled>
    </classAccesses>
    <classAccesses>
        <apexClass>BotField</apexClass>
        <enabled>true</enabled>
    </classAccesses>
    <classAccesses>
        <apexClass>BotHandler</apexClass>
        <enabled>true</enabled>
    </classAccesses>
    <classAccesses>
        <apexClass>BotItem</apexClass>
        <enabled>true</enabled>
    </classAccesses>
    <classAccesses>
        <apexClass>BotMessage</apexClass>
        <enabled>true</enabled>
    </classAccesses>
    <classAccesses>
        <apexClass>BotMessageButton</apexClass>
        <enabled>true</enabled>
    </classAccesses>
    <classAccesses>
        <apexClass>BotRecord</apexClass>
        <enabled>true</enabled>
    </classAccesses>
    <classAccesses>
        <apexClass>BotResponse</apexClass>
        <enabled>true</enabled>
    </classAccesses>
    <classAccesses>
        <apexClass>BotTest</apexClass>
        <enabled>true</enabled>
    </classAccesses>
    <classAccesses>
        <apexClass>DreamHouseSampleDataController</apexClass>
        <enabled>true</enabled>
    </classAccesses>
    <classAccesses>
        <apexClass>EinsteinVisionController</apexClass>
        <enabled>true</enabled>
    </classAccesses>
    <classAccesses>
        <apexClass>EinsteinVisionControllerTest</apexClass>
        <enabled>true</enabled>
    </classAccesses>
    <classAccesses>
        <apexClass>HandlerAddTwoNumbers</apexClass>
        <enabled>true</enabled>
    </classAccesses>
    <classAccesses>
        <apexClass>HandlerCostCenter</apexClass>
        <enabled>true</enabled>
    </classAccesses>
    <classAccesses>
        <apexClass>HandlerEmployeeId</apexClass>
        <enabled>true</enabled>
    </classAccesses>
    <classAccesses>
        <apexClass>HandlerFileUpload</apexClass>
        <enabled>true</enabled>
    </classAccesses>
    <classAccesses>
        <apexClass>HandlerFindAccount</apexClass>
        <enabled>true</enabled>
    </classAccesses>
    <classAccesses>
        <apexClass>HandlerFindContact</apexClass>
        <enabled>true</enabled>
    </classAccesses>
    <classAccesses>
        <apexClass>HandlerFindProperties</apexClass>
        <enabled>true</enabled>
    </classAccesses>
    <classAccesses>
        <apexClass>HandlerFindPropertiesByBedrooms</apexClass>
        <enabled>true</enabled>
    </classAccesses>
    <classAccesses>
        <apexClass>HandlerHello</apexClass>
        <enabled>true</enabled>
    </classAccesses>
    <classAccesses>
        <apexClass>HandlerHelp</apexClass>
        <enabled>true</enabled>
    </classAccesses>
    <classAccesses>
        <apexClass>HandlerHelpTopic</apexClass>
        <enabled>true</enabled>
    </classAccesses>
    <classAccesses>
        <apexClass>HandlerImageBasedSearch</apexClass>
        <enabled>true</enabled>
    </classAccesses>
    <classAccesses>
        <apexClass>HandlerMyOpenCases</apexClass>
        <enabled>true</enabled>
    </classAccesses>
    <classAccesses>
        <apexClass>HandlerNext</apexClass>
        <enabled>true</enabled>
    </classAccesses>
    <classAccesses>
        <apexClass>HandlerPipeline</apexClass>
        <enabled>true</enabled>
    </classAccesses>
    <classAccesses>
        <apexClass>HandlerQuarter</apexClass>
        <enabled>true</enabled>
    </classAccesses>
    <classAccesses>
        <apexClass>HandlerSOQL</apexClass>
        <enabled>true</enabled>
    </classAccesses>
    <classAccesses>
        <apexClass>HandlerTopOpportunities</apexClass>
        <enabled>true</enabled>
    </classAccesses>
    <classAccesses>
        <apexClass>HandlerTravelApproval</apexClass>
        <enabled>true</enabled>
    </classAccesses>
    <classAccesses>
        <apexClass>HttpFormBuilder</apexClass>
        <enabled>true</enabled>
    </classAccesses>
    <classAccesses>
        <apexClass>JWT</apexClass>
        <enabled>true</enabled>
    </classAccesses>
    <classAccesses>
        <apexClass>JWTBearerFlow</apexClass>
        <enabled>true</enabled>
    </classAccesses>
    <classAccesses>
        <apexClass>LIFXController</apexClass>
        <enabled>true</enabled>
    </classAccesses>
    <classAccesses>
        <apexClass>LIFXControllerTest</apexClass>
        <enabled>true</enabled>
    </classAccesses>
    <classAccesses>
        <apexClass>PostPriceChangeToSlack</apexClass>
        <enabled>true</enabled>
    </classAccesses>
    <classAccesses>
        <apexClass>PostPriceChangeToSlackTest</apexClass>
        <enabled>true</enabled>
    </classAccesses>
    <classAccesses>
        <apexClass>PropertyController</apexClass>
        <enabled>true</enabled>
    </classAccesses>
    <classAccesses>
        <apexClass>PropertyControllerTest</apexClass>
        <enabled>true</enabled>
    </classAccesses>
    <classAccesses>
        <apexClass>PropertyListPage</apexClass>
        <enabled>true</enabled>
    </classAccesses>
    <classAccesses>
        <apexClass>PushPriceChangeNotification</apexClass>
        <enabled>true</enabled>
    </classAccesses>
    <classAccesses>
        <apexClass>PushPriceChangeNotificationTest</apexClass>
        <enabled>true</enabled>
    </classAccesses>
    <classAccesses>
        <apexClass>RejectDuplicateFavoriteTest</apexClass>
        <enabled>true</enabled>
    </classAccesses>
    <classAccesses>
        <apexClass>SlackOpportunityPublisher</apexClass>
        <enabled>true</enabled>
    </classAccesses>
    <classAccesses>
        <apexClass>SlackOpportunityPublisherTest</apexClass>
        <enabled>true</enabled>
    </classAccesses>
    <fieldPermissions>
        <editable>true</editable>
        <field>Bot_Command__c.Active__c</field>
        <readable>true</readable>
    </fieldPermissions>
    <fieldPermissions>
        <editable>true</editable>
        <field>Bot_Command__c.Apex_Class__c</field>
        <readable>true</readable>
    </fieldPermissions>
    <fieldPermissions>
        <editable>true</editable>
        <field>Bot_Command__c.Pattern__c</field>
        <readable>true</readable>
    </fieldPermissions>
    <fieldPermissions>
        <editable>true</editable>
        <field>Bot_Command__c.Sample_Utterance__c</field>
        <readable>true</readable>
    </fieldPermissions>
    <fieldPermissions>
        <editable>true</editable>
        <field>Broker__c.Email__c</field>
        <readable>true</readable>
    </fieldPermissions>
    <fieldPermissions>
        <editable>true</editable>
        <field>Broker__c.Mobile_Phone__c</field>
        <readable>true</readable>
    </fieldPermissions>
    <fieldPermissions>
        <editable>true</editable>
        <field>Broker__c.Phone__c</field>
        <readable>true</readable>
    </fieldPermissions>
    <fieldPermissions>
        <editable>false</editable>
        <field>Broker__c.Picture_IMG__c</field>
        <readable>true</readable>
    </fieldPermissions>
    <fieldPermissions>
        <editable>true</editable>
        <field>Broker__c.Picture__c</field>
        <readable>true</readable>
    </fieldPermissions>
    <fieldPermissions>
        <editable>true</editable>
        <field>Broker__c.Title__c</field>
        <readable>true</readable>
    </fieldPermissions>
    <fieldPermissions>
        <editable>true</editable>
        <field>Property_Favorite__c.Property__c</field>
        <readable>true</readable>
    </fieldPermissions>
    <fieldPermissions>
        <editable>true</editable>
        <field>Property_Favorite__c.User__c</field>
        <readable>true</readable>
    </fieldPermissions>
    <fieldPermissions>
        <editable>true</editable>
        <field>Property__c.Address__c</field>
        <readable>true</readable>
    </fieldPermissions>
    <fieldPermissions>
        <editable>true</editable>
        <field>Property__c.Assessed_Value__c</field>
        <readable>true</readable>
    </fieldPermissions>
    <fieldPermissions>
        <editable>true</editable>
        <field>Property__c.Baths__c</field>
        <readable>true</readable>
    </fieldPermissions>
    <fieldPermissions>
        <editable>true</editable>
        <field>Property__c.Beds__c</field>
        <readable>true</readable>
    </fieldPermissions>
    <fieldPermissions>
        <editable>true</editable>
        <field>Property__c.Broker__c</field>
        <readable>true</readable>
    </fieldPermissions>
    <fieldPermissions>
        <editable>true</editable>
        <field>Property__c.City__c</field>
        <readable>true</readable>
    </fieldPermissions>
    <fieldPermissions>
        <editable>true</editable>
        <field>Property__c.Date_Agreement__c</field>
        <readable>true</readable>
    </fieldPermissions>
    <fieldPermissions>
        <editable>true</editable>
        <field>Property__c.Date_Closed__c</field>
        <readable>true</readable>
    </fieldPermissions>
    <fieldPermissions>
        <editable>true</editable>
        <field>Property__c.Date_Contracted__c</field>
        <readable>true</readable>
    </fieldPermissions>
    <fieldPermissions>
        <editable>true</editable>
        <field>Property__c.Date_Listed__c</field>
        <readable>true</readable>
    </fieldPermissions>
    <fieldPermissions>
        <editable>true</editable>
        <field>Property__c.Date_Pre_Market__c</field>
        <readable>true</readable>
    </fieldPermissions>
    <fieldPermissions>
        <editable>false</editable>
        <field>Property__c.Days_On_Market__c</field>
        <readable>true</readable>
    </fieldPermissions>
    <fieldPermissions>
        <editable>true</editable>
        <field>Property__c.Description__c</field>
        <readable>true</readable>
    </fieldPermissions>
    <fieldPermissions>
        <editable>true</editable>
        <field>Property__c.Location__c</field>
        <readable>true</readable>
    </fieldPermissions>
    <fieldPermissions>
        <editable>false</editable>
        <field>Property__c.Picture_IMG__c</field>
        <readable>true</readable>
    </fieldPermissions>
    <fieldPermissions>
        <editable>true</editable>
        <field>Property__c.Picture__c</field>
        <readable>true</readable>
    </fieldPermissions>
    <fieldPermissions>
        <editable>true</editable>
        <field>Property__c.Price__c</field>
        <readable>true</readable>
    </fieldPermissions>
    <fieldPermissions>
        <editable>false</editable>
        <field>Property__c.Record_Link__c</field>
        <readable>true</readable>
    </fieldPermissions>
    <fieldPermissions>
        <editable>true</editable>
        <field>Property__c.State__c</field>
        <readable>true</readable>
    </fieldPermissions>
    <fieldPermissions>
        <editable>true</editable>
        <field>Property__c.Status__c</field>
        <readable>true</readable>
    </fieldPermissions>
    <fieldPermissions>
        <editable>true</editable>
        <field>Property__c.Tags__c</field>
        <readable>true</readable>
    </fieldPermissions>
    <fieldPermissions>
        <editable>false</editable>
        <field>Property__c.Thumbnail_IMG__c</field>
        <readable>true</readable>
    </fieldPermissions>
    <fieldPermissions>
        <editable>true</editable>
        <field>Property__c.Thumbnail__c</field>
        <readable>true</readable>
    </fieldPermissions>
    <fieldPermissions>
        <editable>true</editable>
        <field>Property__c.Title__c</field>
        <readable>true</readable>
    </fieldPermissions>
    <fieldPermissions>
        <editable>true</editable>
        <field>Property__c.Zip__c</field>
        <readable>true</readable>
    </fieldPermissions>
    <hasActivationRequired>false</hasActivationRequired>
    <label>dreamhouse</label>
    <objectPermissions>
        <allowCreate>true</allowCreate>
        <allowDelete>true</allowDelete>
        <allowEdit>true</allowEdit>
        <allowRead>true</allowRead>
        <modifyAllRecords>true</modifyAllRecords>
        <object>Bot_Command__c</object>
        <viewAllRecords>true</viewAllRecords>
    </objectPermissions>
    <objectPermissions>
        <allowCreate>true</allowCreate>
        <allowDelete>true</allowDelete>
        <allowEdit>true</allowEdit>
        <allowRead>true</allowRead>
        <modifyAllRecords>true</modifyAllRecords>
        <object>Broker__c</object>
        <viewAllRecords>true</viewAllRecords>
    </objectPermissions>
    <objectPermissions>
        <allowCreate>true</allowCreate>
        <allowDelete>true</allowDelete>
        <allowEdit>true</allowEdit>
        <allowRead>true</allowRead>
        <modifyAllRecords>true</modifyAllRecords>
        <object>Property_Favorite__c</object>
        <viewAllRecords>true</viewAllRecords>
    </objectPermissions>
    <objectPermissions>
        <allowCreate>true</allowCreate>
        <allowDelete>true</allowDelete>
        <allowEdit>true</allowEdit>
        <allowRead>true</allowRead>
        <modifyAllRecords>true</modifyAllRecords>
        <object>Property__c</object>
        <viewAllRecords>true</viewAllRecords>
    </objectPermissions>
    <pageAccesses>
        <apexPage>DreamHouseSampleData</apexPage>
        <enabled>true</enabled>
    </pageAccesses>
    <tabSettings>
        <tab>Bot_Command__c</tab>
        <visibility>Visible</visibility>
    </tabSettings>
    <tabSettings>
        <tab>Broker__c</tab>
        <visibility>Visible</visibility>
    </tabSettings>
    <tabSettings>
        <tab>Einstein_Vision</tab>
        <visibility>Visible</visibility>
    </tabSettings>
    <tabSettings>
        <tab>Property_Explorer</tab>
        <visibility>Visible</visibility>
    </tabSettings>
    <tabSettings>
        <tab>Property_Finder</tab>
        <visibility>Visible</visibility>
    </tabSettings>
    <tabSettings>
        <tab>Property__c</tab>
        <visibility>Visible</visibility>
    </tabSettings>
    <tabSettings>
        <tab>Sample_Data_Import</tab>
        <visibility>Visible</visibility>
    </tabSettings>
</PermissionSet>
