<?xml version="1.0" encoding="UTF-8"?>
<Flow xmlns="http://soap.sforce.com/2006/04/metadata">
    <actionCalls>
        <processMetadataValues>
            <name>postTargetUserType</name>
            <value>
                <stringValue>REFERENCE</stringValue>
            </value>
        </processMetadataValues>
        <processMetadataValues>
            <name>textJson</name>
            <value>
                <stringValue>{&quot;mentions&quot;:[],&quot;message&quot;:&quot;New Property: {![Property__c].Address__c}, {![Property__c].City__c}. {![Property__c].Beds__c} bedrooms. ${![Property__c].Price__c}&quot;}</stringValue>
            </value>
        </processMetadataValues>
        <name>myRule_1_A1</name>
        <label>Post to Chatter</label>
        <locationX>100</locationX>
        <locationY>200</locationY>
        <actionName>chatterPost</actionName>
        <actionType>chatterPost</actionType>
        <inputParameters>
            <name>text</name>
            <value>
                <stringValue>New Property: {!myVariable_current.Address__c}, {!myVariable_current.City__c}. {!myVariable_current.Beds__c} bedrooms. ${!myVariable_current.Price__c}</stringValue>
            </value>
        </inputParameters>
        <inputParameters>
            <name>type</name>
            <value>
                <stringValue>USER</stringValue>
            </value>
        </inputParameters>
        <inputParameters>
            <name>subjectNameOrId</name>
            <value>
                <elementReference>myVariable_current.Owner:User.Id</elementReference>
            </value>
        </inputParameters>
    </actionCalls>
    <assignments>
        <name>myVariable_waitStartTimeAssignment</name>
        <label>myVariable_waitStartTimeAssignment</label>
        <locationX>0</locationX>
        <locationY>0</locationY>
        <assignmentItems>
            <assignToReference>myVariable_waitStartTimeVariable</assignToReference>
            <operator>Assign</operator>
            <value>
                <elementReference>$Flow.CurrentDateTime</elementReference>
            </value>
        </assignmentItems>
        <connector>
            <targetReference>myDecision</targetReference>
        </connector>
    </assignments>
    <decisions>
        <processMetadataValues>
            <name>index</name>
            <value>
                <numberValue>0.0</numberValue>
            </value>
        </processMetadataValues>
        <name>myDecision</name>
        <label>myDecision</label>
        <locationX>50</locationX>
        <locationY>0</locationY>
        <defaultConnectorLabel>default</defaultConnectorLabel>
        <rules>
            <name>myRule_1</name>
            <conditionLogic>and</conditionLogic>
            <conditions>
                <leftValueReference>formula_myRule_1</leftValueReference>
                <operator>EqualTo</operator>
                <rightValue>
                    <booleanValue>true</booleanValue>
                </rightValue>
            </conditions>
            <connector>
                <targetReference>myRule_1_A1</targetReference>
            </connector>
            <label>New</label>
        </rules>
    </decisions>
    <description>When a new property is added, post it to chatter</description>
    <formulas>
        <name>formula_myRule_1</name>
        <dataType>Boolean</dataType>
        <expression>true</expression>
    </formulas>
    <interviewLabel>Advertise_New_Property-2_InterviewLabel</interviewLabel>
    <label>Advertise New Property</label>
    <processMetadataValues>
        <name>ObjectType</name>
        <value>
            <stringValue>Property__c</stringValue>
        </value>
    </processMetadataValues>
    <processMetadataValues>
        <name>ObjectVariable</name>
        <value>
            <elementReference>myVariable_current</elementReference>
        </value>
    </processMetadataValues>
    <processMetadataValues>
        <name>OldObjectVariable</name>
        <value>
            <elementReference>myVariable_old</elementReference>
        </value>
    </processMetadataValues>
    <processMetadataValues>
        <name>TriggerType</name>
        <value>
            <stringValue>onCreateOnly</stringValue>
        </value>
    </processMetadataValues>
    <processType>Workflow</processType>
    <startElementReference>myVariable_waitStartTimeAssignment</startElementReference>
    <variables>
        <name>myVariable_current</name>
        <dataType>SObject</dataType>
        <isCollection>false</isCollection>
        <isInput>true</isInput>
        <isOutput>true</isOutput>
        <objectType>Property__c</objectType>
    </variables>
    <variables>
        <name>myVariable_old</name>
        <dataType>SObject</dataType>
        <isCollection>false</isCollection>
        <isInput>true</isInput>
        <isOutput>false</isOutput>
        <objectType>Property__c</objectType>
    </variables>
    <variables>
        <name>myVariable_waitStartTimeVariable</name>
        <dataType>DateTime</dataType>
        <isCollection>false</isCollection>
        <isInput>false</isInput>
        <isOutput>false</isOutput>
        <value>
            <elementReference>$Flow.CurrentDateTime</elementReference>
        </value>
    </variables>
</Flow>
